,given_word,choice1,choice2,choice3,choice4,choice5,correct_answer
0,tabulate,bound,split,achieve,record,pontificate,record
1,restrain,deteriorate,constrict,see,expand,reach,constrict
2,enclose,consist,brawl,contrast,accomplish,touch,consist
3,visit,tour,leave,collect,obstruct,associate,tour
4,alter,edit,swell,identify,land,explain,edit
5,rule,explain,ruin,zone,stroke,pontificate,pontificate
6,bulge,ruin,dirty,swell,whisper,certificate,swell
7,twist,amass,massage,carve,spiral,cede,spiral
8,break,split,travel,pardon,conclude,chop,split
9,reset,redirect,force,despoil,imprison,conquer,redirect
10,refine,overtake,edit,furl,renounce,disclose,edit
11,rustle,refer,punch,assume,whisper,change,whisper
12,give,labor,refer,confer,pontificate,comment,confer
13,streamline,whack,compile,structure,simplify,consist,simplify
14,arrive,enter,frame,polish,be,park,enter
15,amalgamate,mingle,pressure,castrate,engrave,gesture,mingle
16,bound,spring,protrude,bounce,name,designate,spring
17,frame,inform,structure,comprise,conclude,depreciate,structure
18,flash,wink,close,reset,implicate,beat,wink
19,swat,carry,accumulate,want,slay,squash,squash
20,corrupt,twist,associate,insert,energize,invade,twist
21,alter,replicate,press,furl,discredit,edit,edit
22,notify,lift,dedicate,alert,rewrite,rush,alert
23,uplift,support,reset,invalidate,construe,add,support
24,restrain,leave,ship,add,slap,constrict,constrict
25,travel,function,shape,tour,cuddle,attempt,tour
26,deteriorate,lop,reject,encourage,devolve,consolidate,devolve
27,enter,blend,accomplish,arrive,chop,discredit,arrive
28,carry,arm,obliterate,flatter,blend,reference,arm
29,assemble,reduce,devolve,aggregate,ink,power,aggregate
30,formulate,structure,create,believe,misuse,occupy,structure
31,polish,refine,rule,invoice,hurt,stroke,refine
32,abdicate,pine,build,cede,duplicate,give,cede
33,involve,iron,implicate,elevate,tighten,twist,implicate
34,hit,slam,obliterate,fan,furl,heap,slam
35,notify,imprison,castrate,alert,solve,spread,alert
36,deceive,associate,breathe,crumble,sweep,foist,foist
37,keep,secure,modify,battle,confine,interpret,confine
38,send,correct,protect,zone,export,refer,export
39,encroach,invade,sparkle,fight,imply,share,invade
40,document,record,suggest,kill,reason,cordon,record
41,inspect,redirect,tour,reference,invoice,structure,tour
42,uplift,grapple,bang,iron,slap,raise,raise
43,beat,abuse,tally,kill,conquer,bop,abuse
44,stimulate,pass,refer,attempt,define,intoxicate,intoxicate
45,comment,sniff,sharpen,court,produce,critique,critique
46,rewrite,bill,edit,achieve,trade,excuse,edit
47,blend,sum,amalgamate,tabulate,worsen,enclose,amalgamate
48,construe,awaken,excuse,consist,infer,stroke,infer
49,bop,bounce,kill,abuse,invoice,mark,bounce
50,date,court,pardon,invoice,stagnate,amass,court
51,flirt,encroach,nose,blow,court,wave,court
52,forgive,deteriorate,invalidate,battle,relinquish,pardon,pardon
53,form,dwell,rustle,arise,transfer,structure,structure
54,confer,curl,refer,consult,comment,spin,consult
55,foist,lop,lift,bop,give,discern,lift
56,mark,cuddle,study,ink,proof,consolidate,ink
57,resound,whack,immobilize,imprison,resonate,elevate,resonate
58,determine,wind,compare,obliterate,deduce,alarm,deduce
59,overtake,assemble,trim,associate,split,invade,invade
60,breathe,conquer,whisper,give,depreciate,assume,whisper
61,worsen,wind,resonate,deteriorate,shorten,account,deteriorate
62,prime,arise,share,arm,sharpen,relinquish,arm
63,inquire,pain,record,nose,grapple,copy,nose
64,attempt,yearn,name,try,hop,color,try
65,close,illustrate,achieve,constrict,wrap,involve,constrict
66,blow,infer,fan,whet,touch,divert,fan
67,explode,court,succeed,boom,hold,lunge,boom
68,elevate,keep,sparkle,uplift,resound,solve,uplift
69,combine,fade,amalgamate,share,whack,date,amalgamate
70,create,assume,castrate,split,make,equal,make
71,inform,lecture,bulge,make,disclose,compress,disclose
72,undermine,achieve,uplift,distinguish,invalidate,live,invalidate
73,involve,consist,simplify,document,woo,implicate,implicate
74,abuse,occupy,live,flap,flirt,misuse,misuse
75,carry,spoil,woo,pine,reset,arm,arm
76,decipher,air,journey,interpret,come,fancy,interpret
77,overwhelm,tighten,expand,devolve,regress,power,power
78,transfer,accumulate,devolve,print,evaluate,flirt,devolve
79,glob,beat,lop,ship,elevate,sweep,lop
80,blend,amalgamate,discuss,refine,spoil,punch,amalgamate
81,rise,flatter,time,awaken,invoice,prime,awaken
82,ruin,infer,iron,ball,contaminate,visualize,contaminate
83,admire,fancy,tour,undermine,pontificate,intrude,fancy
84,inspect,beat,tour,aggregate,combat,intoxicate,tour
85,proof,whisper,evidence,leave,document,prove,evidence
86,acquire,spoil,categorize,spring,hone,leave,hone
87,despoil,deteriorate,corrupt,streamline,modify,court,corrupt
88,leave,discredit,excite,nose,park,uplift,park
89,get,achieve,time,charge,rise,assess,achieve
90,visit,streamline,tour,flat,pontificate,function,tour
91,explode,structure,grapple,wave,boom,grow,boom
92,gesture,disconnect,wink,reduce,hurt,name,wink
93,make,differentiate,gather,end,create,imply,create
94,expound,spin,pontificate,date,spiral,rush,pontificate
95,live,gesture,critique,solve,rustle,inhabit,inhabit
96,export,ship,group,uplift,formulate,deteriorate,ship
97,reroute,formulate,caress,redirect,report,secure,redirect
98,expand,smack,critique,report,fancy,bulge,bulge
99,comprise,combine,intrude,park,yearn,consist,consist
100,dance,bop,prime,organize,work,spiral,bop
101,void,admire,succeed,report,invalidate,nose,invalidate
102,blend,murmur,arise,amalgamate,restrict,combine,amalgamate
103,carry,mistreat,forgo,arm,brawl,expound,arm
104,switch,redirect,stir,combine,reach,write,redirect
105,fragment,quarrel,lift,encourage,devolve,organize,devolve
106,replicate,pollute,live,copy,stimulate,expound,copy
107,flap,hold,lop,consult,imprison,fan,fan
108,swell,settle,allude,preach,bulge,comprise,bulge
109,wake,conclude,hurt,amalgamate,awaken,stagnate,awaken
110,compress,dye,disconnect,constrict,inquire,judge,constrict
111,compress,constrict,disprove,discern,comprise,yearn,constrict
112,formulate,cut,exonerate,mingle,structure,roll,structure
113,nose,snoop,makeup,redirect,squeeze,gather,snoop
114,organize,send,tabulate,spring,be,stagnate,tabulate
115,shine,intrude,imprint,rise,twinkle,force,twinkle
116,lecture,disconnect,foist,reverberate,pontificate,pain,pontificate
117,bulge,lop,determine,restrict,protrude,support,protrude
118,trade,gesture,consolidate,wave,stun,export,export
119,amalgamate,immobilize,worsen,blink,join,desire,join
120,involve,include,export,fade,implicate,jump,implicate
121,wave,murder,resound,fan,report,grow,fan
122,stroke,rub,spin,flat,spring,abuse,rub
123,account,bind,flash,abolish,bill,invalidate,bill
124,produce,like,make,bat,acquire,boom,make
125,differentiate,poison,disconnect,contrast,fortify,weaken,contrast
126,stop,focus,stir,park,stimulate,switch,park
127,visit,plan,identify,switch,resonate,tour,tour
128,inspire,flatten,whip,cede,confer,uplift,uplift
129,work,constrict,name,redirect,toil,assume,toil
130,infer,construe,tour,caress,reduce,demoralize,construe
131,energize,bounce,power,diagnose,accuse,protect,power
132,adverse,bounce,reveal,paste,resound,contrast,contrast
133,tell,buff,disclose,wink,hold,sniff,disclose
134,secure,mistreat,awaken,caress,echo,arm,arm
135,void,squeeze,concentrate,arrive,admire,invalidate,invalidate
136,press,iron,expand,stagnate,ruin,send,iron
137,implicate,poison,accuse,quarrel,add,show,accuse
138,twist,pare,blend,occupy,lump,corrupt,corrupt
139,disparity,join,reset,illustrate,engrave,contrast,contrast
140,sign,amass,attempt,ink,polish,discredit,ink
141,hone,inform,shape,buff,slam,achieve,shape
142,arise,awaken,tell,bulge,edit,exploit,awaken
143,reproduce,terminate,resonate,arrange,invalidate,taint,resonate
144,elevate,uplift,worsen,toil,alarm,disconnect,uplift
145,refer,breathe,swell,contrast,rule,allude,allude
146,cut,reset,lop,intrude,refine,flatter,lop
147,exonerate,inquire,pardon,intoxicate,live,nose,pardon
148,achieve,accomplish,slap,ask,void,occupy,accomplish
149,ask,reside,flat,evidence,confer,bulge,confer
150,leave,date,spin,park,uproot,nose,park
151,secure,certificate,sound,power,accumulate,arm,arm
152,separate,focus,picture,invalidate,split,sparkle,split
153,fortify,exonerate,arm,activate,allude,lunge,arm
154,amass,nose,immobilize,lump,explode,tour,lump
155,shine,split,polish,bat,collect,elevate,polish
156,squash,achieve,resonate,illustrate,copy,swat,swat
157,touch,foist,allude,travel,send,bop,allude
158,date,disconnect,rub,court,bang,cede,court
159,exploit,offshore,wrap,confine,copy,corrupt,corrupt
160,tell,consult,total,pare,disclose,electrify,disclose
161,clash,compare,fight,electrify,sound,transfer,fight
162,pollute,reduce,corrupt,pare,reproduce,rush,corrupt
163,cordon,enter,investigate,zone,picture,admire,zone
164,bop,quarrel,share,open,punch,infect,punch
165,review,document,critique,inspire,struggle,press,critique
166,caress,rub,flatter,mingle,spiral,smooth,rub
167,twist,write,spiral,acquire,weaken,print,spiral
168,murder,cascade,swat,kill,fortify,stagnate,kill
169,modify,duplicate,blow,edit,mix,rule,edit
170,wind,frown,makeup,void,throw,spiral,spiral
171,sound,function,be,disconnect,cascade,resonate,resonate
172,conquer,taint,blink,inquire,translate,invade,invade
173,work,add,toil,evade,inspire,taint,toil
174,date,court,stun,identify,woo,implicate,court
175,inhabit,live,pine,disallow,bill,accuse,live
176,fan,sound,swell,write,curl,blow,blow
177,trade,color,export,streamline,activate,evaluate,export
178,desire,achieve,chop,group,crumble,pine,pine
179,renounce,declare,abdicate,disallow,gesture,lecture,abdicate
180,whet,stroke,hone,collect,uproot,press,hone
181,reject,force,sharpen,power,invalidate,imprison,invalidate
182,flap,bill,equal,fan,shape,cuddle,fan
183,inspire,uplift,like,forgo,aggregate,conclude,uplift
184,abuse,weaken,sound,pass,mistreat,switch,mistreat
185,consist,decipher,spread,makeup,cuddle,blow,makeup
186,ball,work,furl,conquer,lump,trim,lump
187,time,battle,massage,cut,quarrel,term,term
188,whisper,translate,rustle,park,arrive,compare,rustle
189,desire,expand,intrude,calculate,fancy,fortify,fancy
190,raise,rise,invoice,caress,wink,uplift,uplift
191,refer,equal,collect,allude,live,occupy,allude
192,sound,punch,correct,resonate,differentiate,curl,resonate
193,wink,focus,conclude,sound,address,blink,blink
194,see,bind,contrast,spiral,evidence,force,evidence
195,buff,keep,polish,join,travel,disallow,polish
196,enclose,consist,collect,comprise,grow,shape,consist
197,wind,reroute,corrupt,spiral,combine,reverberate,spiral
198,phrase,discover,copy,elevate,term,long,term
199,energize,evidence,raise,infer,electrify,power,power
200,invoice,phrase,activate,bill,reason,taint,bill
201,prime,journey,iron,arm,shape,murmur,arm
202,like,blast,fancy,attempt,confine,divert,fancy
203,elevate,uplift,exploit,notify,achieve,infect,uplift
204,separate,prepare,infer,frame,rewrite,split,split
205,spoil,corrupt,send,make,arm,decipher,corrupt
206,hone,emasculate,allude,add,combat,shape,shape
207,court,park,consist,declare,flirt,try,flirt
208,blow,wave,throw,squeeze,jump,fan,fan
209,lump,amass,protrude,inspect,void,combat,amass
210,clarify,imprint,edit,interpret,dirty,whisk,interpret
211,smooth,disconnect,court,construe,wrap,polish,polish
212,force,visualize,make,foist,live,raise,foist
213,consult,restrain,confer,differentiate,disclose,dwell,confer
214,work,hit,toil,accomplish,obstruct,consolidate,toil
215,deceive,shape,discuss,enter,foist,modify,foist
216,dirty,alert,shape,contaminate,streamline,compress,contaminate
217,proof,edit,pine,evidence,clash,arm,evidence
218,formulate,structure,contend,grapple,acquire,taint,structure
219,imprison,polish,toil,accomplish,confine,amass,confine
220,activate,designate,crumble,deceive,arm,lop,arm
221,arrive,enter,journey,acquire,stimulate,declare,enter
222,ball,contrast,bump,flash,lump,whack,lump
223,dye,reveal,regress,exploit,deduce,ink,ink
224,twist,brawl,leap,slap,punch,corrupt,corrupt
225,reference,admire,allude,engrave,cede,include,allude
226,modify,whisk,reach,pollute,edit,aggregate,edit
227,produce,spring,rustle,function,imprint,make,make
228,illustrate,keep,lop,print,picture,stimulate,picture
229,reveal,bop,organize,fragment,disclose,disparity,disclose
230,imprison,air,prove,aggregate,uplift,confine,confine
231,uplift,pine,study,contend,mingle,encourage,encourage
232,stun,tighten,bop,live,immobilize,confine,immobilize
233,rewrite,edit,discover,rush,mix,amalgamate,edit
234,emasculate,offshore,castrate,devolve,prime,reduce,castrate
235,structure,frame,castrate,impose,cuddle,reside,frame
236,bound,focus,assess,close,switch,spring,spring
237,restrict,devolve,ask,confine,abuse,prove,confine
238,blast,boom,achieve,decay,squash,murder,boom
239,void,redirect,invalidate,export,flash,quarrel,invalidate
240,bind,blend,insert,confine,consist,spread,confine
241,address,dedicate,pontificate,rush,iron,expand,pontificate
242,contaminate,wind,press,pollute,buff,come,pollute
243,streamline,devolve,organize,reduce,raise,intoxicate,organize
244,boom,concentrate,forgo,explode,distinguish,inquire,explode
245,enclose,confine,notify,sparkle,assess,name,confine
246,disclose,inform,carry,discredit,weaken,include,inform
247,nose,reach,cede,attack,disclose,dig,dig
248,whisk,exploit,sweep,inspect,suggest,print,sweep
249,massage,overtake,rub,equal,calculate,tabulate,rub
250,form,sparkle,structure,implicate,regress,abolish,structure
251,stir,judge,whisk,spring,critique,plan,whisk
252,press,arrange,iron,show,evaluate,invoice,iron
253,desire,ship,swat,limit,rise,pine,pine
254,blend,investigate,deflect,amalgamate,accomplish,consolidate,amalgamate
255,amalgamate,settle,mistreat,join,misuse,inspect,join
256,slam,reach,close,separate,slap,charge,slap
257,join,inform,amalgamate,raise,rise,void,amalgamate
258,rush,misuse,concentrate,get,whisk,insert,whisk
259,arise,polish,alter,designate,close,awaken,awaken
260,infer,expound,long,crumble,brawl,construe,construe
261,foist,force,assess,certificate,accuse,uplift,force
262,foist,immobilize,disallow,reason,stun,impose,impose
263,prove,deceive,offshore,uplift,evidence,relinquish,evidence
264,press,impose,evade,blink,ascertain,iron,iron
265,jump,concentrate,raise,infer,date,spring,spring
266,produce,terminate,pollute,alter,make,send,make
267,enter,arrive,encourage,break,murmur,protect,arrive
268,review,consolidate,critique,split,resound,void,critique
269,keep,wake,twist,disparity,confine,store,confine
270,dance,bop,reason,stir,tabulate,nose,bop
271,depreciate,solve,deteriorate,pollute,pain,visit,deteriorate
272,alarm,invalidate,alert,deduce,grow,certificate,alert
273,alarm,spiral,alert,shine,trim,attempt,alert
274,compare,inspect,modify,labor,picture,contrast,contrast
275,tell,battle,furl,disclose,proof,terminate,disclose
276,throw,slam,jump,flash,pass,implicate,slam
277,deflect,mistreat,invalidate,constrict,redirect,assemble,redirect
278,labor,curl,toil,rule,regress,critique,toil
279,decay,echo,whack,calculate,consolidate,deteriorate,deteriorate
280,invade,overtake,reroute,lump,mix,flash,overtake
281,swell,tell,bulge,bill,iron,toil,bulge
282,smack,rustle,formulate,bop,quarrel,expound,bop
283,alter,edit,discover,warn,jump,undermine,edit
284,court,acquire,desire,woo,compile,distinguish,woo
285,alarm,regress,determine,consist,alert,renounce,alert
286,alarm,invade,labor,contend,alert,get,alert
287,simplify,sum,quarrel,twist,streamline,spiral,streamline
288,terminate,inspect,reset,compress,warn,kill,kill
289,occupy,notify,leap,inhabit,discuss,involve,inhabit
290,wind,fight,spiral,snoop,leave,separate,spiral
291,impose,create,disprove,toil,work,foist,foist
292,deceive,confer,foist,frown,evidence,consist,foist
293,ask,roll,confer,press,accuse,quarrel,confer
294,associate,implicate,consist,restrain,come,reject,implicate
295,pressure,rub,cuddle,sparkle,desire,raise,rub
296,slam,activate,cut,bang,term,rush,bang
297,structure,reveal,cordon,settle,build,accomplish,build
298,punch,dance,charge,bop,constrict,duplicate,bop
299,pass,offshore,battle,wrap,prove,devolve,devolve
300,encroach,poison,invade,designate,arrange,resound,invade
301,trim,reduce,duplicate,expound,polish,frame,reduce
302,oppose,disparity,fade,account,contrast,finish,contrast
303,fuel,dig,wind,power,believe,stir,power
304,restrict,undermine,confine,demoralize,disengage,hop,confine
305,decay,disallow,identify,comment,deteriorate,acquire,deteriorate
306,plan,structure,time,disclose,brawl,rub,structure
307,consult,correspond,be,despoil,confer,designate,confer
308,tabulate,fight,arise,notify,add,keep,add
309,disparity,contrast,protect,stir,hold,renounce,contrast
310,expound,bump,pontificate,shine,dance,inhabit,pontificate
311,term,finish,deteriorate,emasculate,rewrite,translate,finish
312,gesture,stir,wink,dedicate,zone,confer,wink
313,sparkle,twinkle,whack,flatten,confer,desire,twinkle
314,worsen,amass,make,deteriorate,leave,protrude,deteriorate
315,imply,preach,conclude,tally,construe,define,construe
316,proof,reject,evidence,break,tabulate,keep,evidence
317,allude,offshore,streamline,suggest,warn,prepare,suggest
318,land,fancy,trade,arrive,obliterate,restrict,arrive
319,encroach,consult,smack,alert,invade,calculate,invade
320,stop,collect,absolve,reside,combine,park,park
321,force,overtake,echo,exploit,whisk,foist,foist
322,oppose,support,bump,compile,contrast,place,contrast
323,sum,conclude,press,document,certificate,fade,conclude
324,rustle,compare,end,whisper,bound,tally,whisper
325,dig,proof,uproot,nose,refocus,disclose,nose
326,discuss,translate,implicate,confer,offshore,rush,confer
327,labor,toil,slam,inscribe,charge,depreciate,toil
328,renounce,decay,evaluate,abdicate,involve,color,abdicate
329,attempt,power,try,focus,inform,solve,try
330,slap,uproot,swat,regress,stimulate,fuel,swat
331,snoop,crumble,compile,excite,nose,grapple,nose
332,uproot,foist,organize,sharpen,imply,frown,foist
333,reverberate,imply,adverse,resonate,distinguish,get,resonate
334,bounce,transfer,offshore,categorize,spring,curl,spring
335,discuss,discover,confer,bump,come,oppose,confer
336,murmur,whisk,whisper,sound,attempt,occupy,whisper
337,bind,invoice,pontificate,overwhelm,export,confine,confine
338,cede,admire,hit,abdicate,discredit,twinkle,abdicate
339,impose,clash,foist,uproot,slay,notify,foist
340,critique,long,evaluate,succeed,swell,switch,evaluate
341,massage,roll,contend,frown,consist,rub,rub
342,protect,arm,sum,ship,obstruct,edit,arm
343,evaluate,stop,critique,bind,force,fancy,critique
344,live,document,amass,stop,inhabit,kill,inhabit
345,name,admire,term,evaluate,whet,shine,term
346,associate,lump,implicate,tighten,stop,pontificate,implicate
347,stagnate,encroach,unite,forgo,slam,immobilize,immobilize
348,aggregate,blend,illustrate,shorten,inquire,compile,compile
349,streamline,organize,divert,power,disengage,collect,organize
350,boom,abolish,allude,fade,fortify,bang,bang
351,relinquish,abdicate,acquire,struggle,sniff,flash,abdicate
352,ball,spoil,consist,limit,amalgamate,lump,lump
353,alert,document,alarm,deflect,nose,jump,alarm
354,reveal,infer,rise,record,whisk,disclose,disclose
355,boom,fancy,carve,explode,buff,nose,explode
356,absolve,concentrate,bang,pardon,reveal,replicate,pardon
357,refine,deduce,mistreat,wrap,decay,polish,polish
358,iron,mingle,clash,whisk,flap,press,press
359,protrude,hurt,sound,bulge,warn,alarm,bulge
360,mix,heap,aggregate,correct,deteriorate,murmur,aggregate
361,refer,heap,rustle,allude,print,polish,allude
362,construe,discern,understand,place,protrude,assess,understand
363,imprint,stagnate,overwhelm,inscribe,battle,confer,inscribe
364,demoralize,corrupt,encourage,forgo,lecture,clash,corrupt
365,total,tabulate,reverberate,corrupt,expound,notify,tabulate
366,massage,force,proof,rub,uproot,expound,rub
367,slap,swell,slam,expound,arise,constrict,slam
368,damage,notify,corrupt,grow,frown,color,corrupt
369,damage,corrupt,attack,grow,prime,divide,corrupt
370,engrave,inscribe,picture,structure,shorten,corrupt,inscribe
371,misuse,foist,abuse,pain,intoxicate,reside,abuse
372,whisk,quarrel,stir,nose,snoop,bat,stir
373,visit,assume,abdicate,come,prove,tour,tour
374,slap,alert,make,poke,polish,slam,slam
375,excite,unite,insert,contaminate,make,intoxicate,intoxicate
376,sum,settle,shorten,switch,sweep,conclude,conclude
377,land,uproot,allude,arrive,wake,beat,arrive
378,overwhelm,pare,exploit,power,organize,blink,power
379,fight,fuel,misuse,forgo,brawl,reduce,brawl
380,evidence,restrain,lift,divide,prove,heap,prove
381,consolidate,amalgamate,critique,cordon,share,document,amalgamate
382,twist,damage,renounce,limit,oppose,spiral,spiral
383,blow,fan,review,immobilize,show,place,fan
384,reject,sum,dance,curl,see,invalidate,invalidate
385,bound,declare,report,hone,spring,infer,spring
386,boom,press,clash,allude,snoop,explode,explode
387,mistreat,abuse,separate,lop,punch,duplicate,abuse
388,bind,confine,bang,inquire,centralize,duplicate,confine
389,damage,twist,corrupt,smooth,pardon,furl,corrupt
390,dance,whack,reproduce,bop,accomplish,wind,bop
391,prepare,compress,function,make,beat,implicate,make
392,color,refocus,deceive,pass,ink,nose,ink
393,reach,dig,exploit,wind,arrive,carry,arrive
394,plan,structure,involve,accuse,deflect,include,structure
395,twinkle,evaluate,shine,sweep,support,explode,shine
396,refer,trade,yearn,allude,undermine,construe,allude
397,caress,brawl,report,support,rub,formulate,rub
398,hold,deteriorate,build,shape,contend,confine,confine
399,conclude,deduce,tighten,engrave,inhabit,review,deduce
400,translate,wrap,lift,whisk,fight,construe,construe
401,comprise,smack,encroach,bop,disclose,consist,consist
402,emasculate,forgo,criticize,simplify,immobilize,group,criticize
403,occupy,correspond,inhabit,implicate,trim,nose,inhabit
404,correct,edit,bop,sniff,restrict,trade,edit
405,power,poison,immobilize,illustrate,overwhelm,believe,overwhelm
406,place,park,accuse,decipher,interpret,calculate,park
407,interpret,understand,tally,brawl,differentiate,mingle,understand
408,stagnate,immobilize,swell,squash,beat,stop,immobilize
409,poison,intoxicate,identify,wave,imprison,crumble,intoxicate
410,lecture,succeed,pontificate,flirt,caress,sharpen,pontificate
411,bill,murmur,slap,account,resound,stun,account
412,wave,excuse,bill,make,fan,transfer,fan
413,attempt,evidence,investigate,try,obtain,sound,try
414,spread,fan,awaken,intrude,restrict,suggest,fan
415,support,shorten,uplift,whip,imply,smack,uplift
416,relinquish,activate,inspect,deteriorate,invalidate,abdicate,abdicate
417,notify,blend,alert,disparity,categorize,raise,alert
418,blow,dance,imply,fan,carry,fancy,fan
419,conclude,dirty,wake,discover,sum,term,sum
420,combine,quarrel,imagine,amalgamate,slam,wave,amalgamate
421,lump,accumulate,phrase,support,print,elevate,accumulate
422,disallow,criticize,name,invalidate,document,whet,invalidate
423,store,translate,modify,park,bang,support,park
424,create,structure,alert,aggregate,reverberate,offshore,structure
425,rustle,tattoo,throw,group,whisper,regress,whisper
426,breathe,offshore,disallow,contaminate,pare,whisper,whisper
427,caress,spiral,rub,swell,consolidate,evaluate,rub
428,grow,boom,lunge,distinguish,polish,preach,boom
429,clarify,try,divert,whisk,pressure,interpret,interpret
430,undermine,invalidate,accuse,encroach,bang,unite,invalidate
431,immobilize,modify,inspire,leave,stun,flash,stun
432,murder,kill,believe,consolidate,conquer,arouse,kill
433,export,frown,alarm,trade,depreciate,hone,trade
434,prime,assemble,bulge,inhabit,forgo,arm,arm
435,redirect,reside,mix,deflect,review,total,deflect
436,excite,leave,intoxicate,constrict,crumble,settle,intoxicate
437,quarrel,rustle,raise,leap,fight,involve,fight
438,oppose,tour,pollute,contrast,lop,spread,contrast
439,create,beat,group,make,join,squeeze,make
440,picture,encroach,report,worsen,stimulate,illustrate,illustrate
441,force,inform,kill,absolve,foist,divert,foist
442,explode,gather,spiral,disprove,boom,quarrel,boom
443,contaminate,ascertain,punch,obliterate,dirty,plan,dirty
444,uplift,overtake,exploit,raise,bound,combat,raise
445,succeed,achieve,sound,expound,wind,abolish,achieve
446,protrude,enter,shorten,bulge,polish,edit,bulge
447,paste,reach,swat,desire,grapple,determine,swat
448,pass,devolve,work,infer,intrude,worsen,devolve
449,prepare,contrast,cede,confine,make,insert,make
450,term,travel,resound,rub,finish,slay,finish
451,bump,blend,lump,criticize,shine,support,lump
452,court,replicate,date,create,settle,spoil,date
453,labor,toil,evade,invade,amass,smack,toil
454,frown,forgo,mark,evidence,journey,furl,furl
455,bill,travel,invoice,rub,contaminate,accomplish,invoice
456,picture,sweep,castrate,modify,illustrate,iron,illustrate
457,notify,alert,murder,assemble,fade,inquire,alert
458,attack,give,correct,encourage,attempt,fight,fight
459,compress,phrase,rule,constrict,park,build,constrict
460,investigate,nose,leave,enclose,ask,disallow,nose
461,stroke,divide,discredit,rub,ink,misuse,rub
462,criticize,obstruct,imprison,slam,dirty,evidence,slam
463,corrupt,dirty,limit,expound,excite,deflect,dirty
464,replicate,charge,tally,correct,streamline,copy,copy
465,compare,discuss,associate,prepare,contrast,sweep,contrast
466,rub,protect,disconnect,see,pressure,tally,pressure
467,implicate,visualize,dedicate,combat,collect,imply,imply
468,notify,compile,alert,smooth,fade,show,alert
469,build,designate,structure,sparkle,split,evidence,structure
470,comprise,pontificate,discredit,arrive,smack,consist,consist
471,zone,believe,uplift,damage,limit,imply,limit
472,rustle,construe,whisper,determine,clarify,reject,whisper
473,swat,rule,translate,streamline,hit,imagine,hit
474,offshore,carve,spoil,cascade,export,dwell,export
475,limit,desire,stagnate,confine,stun,elevate,confine
476,arise,arm,renounce,awaken,electrify,overtake,awaken
477,categorize,suggest,explode,be,zone,sharpen,zone
478,prove,differentiate,disallow,evidence,assess,buff,evidence
479,alert,land,curl,calculate,notify,achieve,notify
480,collect,stun,evidence,struggle,account,attempt,evidence
481,arrange,change,structure,rewrite,reference,massage,structure
482,declare,build,document,show,beat,inquire,document
483,enter,fade,arrive,print,obtain,excuse,arrive
484,gesture,flash,arm,buff,wink,open,wink
485,consult,address,quarrel,shorten,confer,conquer,confer
486,restrain,flap,duplicate,constrict,report,accomplish,constrict
487,compress,notify,constrict,date,distinguish,judge,constrict
488,focus,arm,construe,zone,dye,settle,zone
489,adverse,simplify,beat,obliterate,contrast,reside,contrast
490,rush,battle,criticize,place,whisk,elevate,whisk
491,adverse,assemble,protrude,contrast,struggle,show,contrast
492,fuel,keep,sign,amalgamate,reverberate,power,power
493,bump,lump,identify,want,phrase,change,lump
494,obliterate,dance,copy,kill,grow,declare,kill
495,twist,like,exonerate,corrupt,tabulate,squash,corrupt
496,slam,bulge,equal,formulate,pressure,criticize,criticize
497,reproduce,murmur,resonate,infer,battle,insert,resonate
498,makeup,report,preach,kill,send,consist,consist
499,get,ask,trim,achieve,encroach,associate,achieve
500,paste,store,fan,excite,swat,pain,swat
501,swat,roll,rub,squash,identify,contrast,squash
502,structure,formulate,damage,contaminate,ascertain,tighten,formulate
503,spiral,wind,invalidate,judge,exonerate,breathe,wind
504,flatten,chop,mark,iron,impose,elevate,iron
505,consult,occupy,confer,abolish,bill,define,confer
506,caress,zone,ascertain,reproduce,conquer,rub,rub
507,abolish,invalidate,brawl,conclude,contaminate,frame,invalidate
508,explain,brawl,lump,clash,excuse,diagnose,diagnose
509,blast,massage,ink,boom,makeup,overtake,boom
510,blow,tour,shine,fan,warn,engrave,fan
511,reject,study,divert,secure,invalidate,believe,invalidate
512,judge,keep,cascade,fade,document,critique,critique
513,relinquish,inspire,assume,abdicate,abolish,disparity,abdicate
514,store,park,term,judge,disallow,amass,park
515,air,involve,dig,fan,edit,report,fan
516,poison,press,battle,show,power,contaminate,contaminate
517,flat,murder,demoralize,interpret,invoice,swat,swat
518,fancy,want,show,modify,massage,ship,want
519,group,alter,discover,ask,lump,dig,lump
520,admire,fancy,mistreat,imprint,woo,mark,fancy
521,organize,close,streamline,be,stimulate,differentiate,streamline
522,warn,alert,ink,open,combine,reverberate,alert
523,overtake,amalgamate,flash,invade,toil,rub,invade
524,paste,bop,pass,swat,desire,gesture,swat
525,close,spin,prepare,grapple,reproduce,constrict,constrict
526,lecture,damage,pontificate,make,separate,absolve,pontificate
527,inspire,consolidate,structure,settle,taint,uplift,uplift
528,critique,stop,simplify,sweep,cuddle,evaluate,evaluate
529,accomplish,achieve,bop,worsen,investigate,disengage,achieve
530,oppose,bind,focus,whack,mix,contrast,contrast
531,furl,inscribe,amass,imprison,curl,relinquish,curl
532,cordon,land,spiral,zone,restrict,flap,zone
533,focus,zone,explode,discern,report,reduce,zone
534,distinguish,whet,contrast,conclude,consult,fade,contrast
535,poison,fancy,jump,invade,press,contaminate,contaminate
536,flash,preach,wink,imagine,believe,arm,wink
537,imply,live,allude,pressure,echo,grapple,allude
538,beat,correspond,document,abuse,excite,enter,abuse
539,work,awaken,toil,furl,squeeze,rewrite,toil
540,term,designate,diagnose,think,exonerate,criticize,designate
541,bound,charge,labor,paste,spring,give,spring
542,group,absolve,lump,streamline,formulate,change,lump
543,iron,press,discredit,absolve,discern,identify,press
544,support,alarm,dwell,quarrel,uplift,trim,uplift
545,caress,murmur,rub,combat,inhabit,mix,rub
546,tighten,constrict,imply,infect,wrap,see,constrict
547,breathe,toil,open,whisper,electrify,snoop,whisper
548,consist,attack,stun,comprise,frown,inquire,comprise
549,build,structure,arrange,export,pine,obliterate,structure
550,export,plan,offshore,decay,sound,alter,offshore
551,confer,curl,compare,see,consult,abdicate,consult
552,assume,adverse,blow,translate,construe,conclude,construe
553,explode,translate,inform,prime,boom,weaken,boom
554,carry,arm,alter,disallow,battle,cuddle,arm
555,prepare,place,make,admire,foist,formulate,make
556,contrast,mingle,dirty,group,distinguish,whisper,distinguish
557,close,explain,constrict,phrase,kill,plan,constrict
558,hop,flirt,spring,abuse,contrast,concentrate,spring
559,phrase,color,modify,comment,term,want,term
560,record,assume,fade,whack,dirty,tabulate,tabulate
561,time,compare,term,understand,flirt,nose,term
562,imagine,protect,boom,picture,toil,intrude,picture
563,shine,polish,form,relinquish,emasculate,devolve,polish
564,shine,reside,correct,polish,invade,expand,polish
565,edit,change,inspect,function,force,encourage,change
566,visit,name,deduce,bop,poison,tour,tour
567,lift,void,engrave,foist,gesture,see,foist
568,arm,spring,think,fortify,expound,smack,fortify
569,sign,enclose,reroute,live,rustle,ink,ink
570,correspond,dirty,consist,taint,break,confine,consist
571,show,whisper,power,zone,disclose,twinkle,disclose
572,stun,swat,date,electrify,energize,immobilize,immobilize
573,fragment,cascade,devolve,ruin,swat,accomplish,devolve
574,reject,excite,calculate,discredit,invalidate,throw,invalidate
575,amass,paste,assume,formulate,lump,calculate,lump
576,think,report,rise,disparity,chop,pontificate,pontificate
577,blast,struggle,chop,refocus,boom,expand,boom
578,spiral,stroke,wind,gather,declare,flat,wind
579,polish,fortify,believe,hone,spoil,streamline,hone
580,duplicate,invade,alarm,replicate,assess,see,replicate
581,solve,murder,diagnose,tally,cuddle,review,diagnose
582,produce,make,wrap,evidence,calculate,beat,make
583,exonerate,pardon,pain,raise,blast,dirty,pardon
584,end,amass,kill,lift,account,correct,kill
585,grow,inquire,mark,boom,rewrite,succeed,boom
586,decay,separate,join,sweep,fade,deteriorate,deteriorate
587,struggle,fade,toil,caress,ascertain,formulate,toil
588,inspire,pontificate,uplift,imagine,notify,divert,uplift
589,devolve,fan,castrate,transfer,paste,poison,transfer
590,flatten,record,lump,see,identify,iron,iron
591,disallow,refine,slay,invalidate,duplicate,document,invalidate
592,dance,resonate,air,brawl,bop,shape,bop
593,swell,tattoo,bulge,name,achieve,whisk,bulge
594,despoil,curl,arrive,contaminate,evade,gather,contaminate
595,cordon,ask,document,zone,intrude,assume,zone
596,swell,get,include,formulate,bulge,flash,bulge
597,charge,inhabit,kill,consult,bill,electrify,bill
598,fade,travel,raise,deteriorate,squash,grapple,deteriorate
599,translate,interpret,try,devolve,intrude,hit,interpret
600,roll,prime,furl,beat,stun,terminate,furl
601,bump,document,lump,sniff,amass,stroke,lump
602,contrast,rule,oppose,spin,touch,break,oppose
603,streamline,concentrate,elevate,excite,leap,caress,concentrate
604,review,critique,sum,name,swat,touch,critique
605,brawl,pressure,fuel,fight,hurt,bat,fight
606,reset,wind,redirect,name,aggregate,decipher,redirect
607,dedicate,engrave,inscribe,notify,whip,total,inscribe
608,air,pain,fan,exonerate,punch,suggest,fan
609,restrict,time,force,hone,intrude,confine,confine
610,buff,frown,function,twinkle,polish,make,polish
611,compare,hurt,combat,contrast,murder,deduce,contrast
612,break,split,resound,function,heap,stimulate,split
613,build,compile,crumble,unite,structure,grapple,structure
614,pressure,travel,twist,identify,rub,compile,rub
615,heap,lump,curl,support,inform,arise,lump
616,collect,slam,notify,caress,evidence,stimulate,evidence
617,dig,nose,construe,pine,calculate,whack,nose
618,correct,accumulate,restrain,cut,struggle,edit,edit
619,pine,throw,reason,gesture,want,mingle,want
620,consolidate,smooth,amalgamate,total,disparity,cascade,amalgamate
621,change,edit,intrude,mark,tabulate,imagine,edit
622,fight,time,open,combat,tell,kill,combat
623,reverberate,resonate,stroke,whisk,mingle,limit,resonate
624,fancy,like,mark,arouse,air,break,like
625,gesture,ship,evaluate,equal,wink,attack,wink
626,arrive,nose,reach,arouse,protect,diagnose,reach
627,review,flat,critique,store,concentrate,sound,critique
628,abdicate,cordon,renounce,inquire,tell,differentiate,renounce
629,offshore,export,reject,involve,void,term,export
630,arise,pare,awaken,construe,assess,carry,awaken
631,inscribe,whack,cede,create,date,cut,cut
632,define,term,declare,zone,total,deteriorate,term
633,stop,intrude,immobilize,print,stir,struggle,immobilize
634,come,cordon,wrap,arrive,damage,labor,arrive
635,contrast,inquire,end,compare,deceive,furl,compare
636,sharpen,correspond,poke,hone,buff,whisk,hone
637,reason,deduce,refocus,fade,power,make,deduce
638,raise,redirect,preach,uplift,reveal,obtain,uplift
639,compress,mix,disclose,reference,constrict,throw,constrict
640,color,engrave,criticize,tour,ink,hit,ink
641,alert,live,offshore,end,gather,alarm,alarm
642,dirty,electrify,ruin,document,reverberate,corrupt,corrupt
643,create,picture,calculate,smooth,structure,confine,structure
644,snoop,nose,ascertain,regress,contaminate,whip,nose
645,charge,understand,bill,stroke,include,break,bill
646,confine,pressure,place,enclose,enter,tattoo,enclose
647,occupy,invalidate,duplicate,believe,inhabit,abuse,inhabit
648,buff,modify,ruin,polish,swat,abdicate,polish
649,excuse,group,contend,despoil,ruin,pardon,pardon
650,investigate,hone,rise,nose,stagnate,bind,nose
651,prime,clarify,spin,finish,uplift,arm,arm
652,reproduce,transfer,whisk,occupy,combine,replicate,replicate
653,fuel,stroke,copy,bounce,power,unite,power
654,ship,acquire,bill,contend,export,term,export
655,concentrate,streamline,invalidate,account,reset,deduce,streamline
656,consult,record,be,confer,alarm,hold,confer
657,comprise,notify,tour,consist,divert,lop,consist
658,conclude,swat,battle,write,encroach,diagnose,diagnose
659,reduce,send,trim,reach,chop,combine,trim
660,explain,power,cede,carve,diagnose,twinkle,diagnose
661,refer,discover,ship,compile,confer,allude,allude
662,exploit,time,corrupt,air,deduce,energize,corrupt
663,activate,arm,nose,corrupt,acquire,zone,arm
664,infect,tabulate,reverberate,disallow,murder,contaminate,contaminate
665,be,pressure,create,shorten,consist,mix,consist
666,hit,whack,reset,consolidate,account,bop,bop
667,keep,confine,cuddle,energize,boom,bang,confine
668,allude,bump,rub,damage,evade,echo,evade
669,breathe,squash,total,hit,whisper,reason,whisper
670,conclude,concentrate,frown,reverberate,deduce,open,deduce
671,fragment,kill,show,devolve,swat,spoil,devolve
672,rise,awaken,imagine,spiral,store,bang,awaken
673,spoil,squeeze,contaminate,evade,confine,hop,contaminate
674,offshore,export,foist,electrify,blink,correspond,export
675,gesture,disengage,accumulate,wink,tabulate,inspect,wink
676,equal,inscribe,grapple,amalgamate,iron,touch,amalgamate
677,trade,amass,export,slay,transfer,abdicate,export
678,dance,illustrate,bop,awaken,flash,restrict,bop
679,rush,court,report,overtake,power,whisk,whisk
680,insert,correct,bill,pass,park,swat,park
681,pontificate,expound,emasculate,blend,assess,labor,expound
682,document,ball,rush,lump,certificate,depreciate,certificate
683,clash,fight,insert,calculate,shorten,discredit,fight
684,smooth,yearn,leave,polish,function,record,polish
685,trade,close,grow,fade,build,export,export
686,change,visualize,edit,whisper,terminate,define,edit
687,try,reset,attempt,throw,deduce,share,attempt
688,come,leap,stir,rub,arrive,discover,arrive
689,furl,wrap,reroute,differentiate,deduce,warn,wrap
690,sniff,travel,split,nose,streamline,resound,nose
691,polish,mark,date,spiral,divide,shine,shine
692,diagnose,ascertain,time,pass,keep,arouse,ascertain
693,compare,achieve,flatter,contrast,shine,pontificate,contrast
694,cuddle,visit,offshore,infer,relinquish,park,park
695,clarify,expound,interpret,store,devolve,inspire,interpret
696,identify,polish,ascertain,visualize,diagnose,exonerate,diagnose
697,encourage,twist,desire,despoil,uplift,criticize,uplift
698,expound,intrude,plan,secure,whip,pontificate,pontificate
699,fancy,like,differentiate,associate,refocus,replicate,like
700,breathe,prepare,whisper,term,discredit,write,whisper
701,flatten,iron,devolve,rule,inform,stroke,iron
702,obstruct,alter,alarm,focus,constrict,poke,constrict
703,make,prepare,write,hit,sum,inquire,prepare
704,associate,arouse,name,shape,foist,implicate,implicate
705,offshore,woo,abolish,create,buff,export,export
706,dirty,picture,contaminate,journey,discuss,compress,contaminate
707,understand,construe,dye,visit,reset,accuse,construe
708,inform,disclose,restrain,engrave,grow,consolidate,disclose
709,massage,touch,rub,place,dwell,join,rub
710,come,murder,phrase,arrive,chop,account,arrive
711,see,evidence,tally,expand,wave,wrap,evidence
712,reroute,redirect,flatter,switch,abuse,carve,redirect
713,obliterate,document,lump,kill,ruin,conclude,kill
714,print,awaken,ink,bat,restrain,echo,ink
715,smack,sniff,bop,organize,disconnect,give,bop
716,buff,rub,report,address,consist,assess,rub
717,reset,reproduce,swell,combine,redirect,transfer,redirect
718,invade,enter,weaken,invoice,preach,reproduce,enter
719,place,review,like,fancy,park,define,park
720,correspond,evade,boom,consist,dedicate,assume,consist
721,total,join,tabulate,overwhelm,replicate,consolidate,tabulate
722,color,picture,aggregate,ink,write,refer,ink
723,reverberate,echo,construe,resonate,get,duplicate,resonate
724,picture,color,imagine,relinquish,elevate,acquire,imagine
725,reduce,evaluate,critique,assess,sharpen,trim,trim
726,clarify,compress,end,interpret,alarm,break,interpret
727,intrude,show,carry,murder,labor,invade,invade
728,sniff,nose,arrive,imagine,disconnect,want,nose
729,swat,confer,squash,flatten,leap,sparkle,squash
730,punch,bop,wind,slam,bat,review,bop
731,accomplish,overtake,curl,disallow,dye,achieve,achieve
732,throw,cascade,uproot,print,slam,inscribe,slam
733,come,function,arrive,alarm,refer,forgo,arrive
734,picture,calculate,illustrate,ruin,labor,flirt,illustrate
735,engrave,deduce,limit,squash,inscribe,inspect,inscribe
736,divert,furl,acquire,redirect,undermine,whip,redirect
737,wind,cede,frown,report,fan,snoop,fan
738,air,fan,lecture,shape,disconnect,blow,fan
739,taint,expound,explain,exonerate,discredit,contaminate,contaminate
740,twinkle,ruin,wink,build,accomplish,shine,shine
741,record,pollute,bound,consult,group,document,document
742,lunge,assess,wake,spring,judge,include,spring
743,make,keep,lunge,produce,echo,fuel,produce
744,slap,quarrel,try,blink,swat,tour,swat
745,misuse,crumble,imagine,excite,imprison,abuse,abuse
746,equal,evidence,amalgamate,reside,break,place,amalgamate
747,blink,disparity,cascade,wink,arrive,ascertain,wink
748,rub,arise,charge,sniff,buff,time,buff
749,sum,come,punch,unite,infect,total,total
750,term,protrude,translate,squeeze,finish,undermine,finish
751,confer,enter,pine,rise,think,consult,consult
752,carve,punch,explode,send,inscribe,criticize,inscribe
753,define,term,sign,organize,combine,correspond,term
754,ink,try,replicate,document,discern,dye,dye
755,imply,construe,encourage,stir,imprint,make,construe
756,overtake,include,declare,get,enter,invade,invade
757,arrive,calculate,implicate,work,change,enter,enter
758,arrive,end,expand,reach,dance,lift,reach
759,poke,nose,account,journey,fragment,be,nose
760,squash,swat,stimulate,depreciate,shape,fragment,swat
761,raise,blend,misuse,twist,get,uplift,uplift
762,hurt,abuse,build,inspire,split,prime,abuse
763,impose,crumble,color,stir,shape,foist,foist
764,distinguish,blink,contrast,quarrel,kill,time,contrast
765,correspond,simplify,refine,evaluate,consist,bop,consist
766,squash,swat,be,inscribe,settle,frown,swat
767,blink,sign,wink,comprise,smooth,dye,wink
768,dedicate,disallow,travel,prime,contaminate,inscribe,inscribe
769,define,evidence,close,term,form,compile,term
770,quarrel,sweep,heap,disparity,believe,fight,fight
771,edit,send,inquire,address,correct,oppose,correct
772,press,iron,encroach,corrupt,foist,divide,iron
773,total,add,sum,certificate,centralize,alarm,sum
774,determine,void,group,spread,think,diagnose,diagnose
775,compare,switch,discuss,imprison,share,contrast,contrast
776,evade,get,understand,allude,fade,twinkle,allude
777,deduce,conclude,sharpen,crumble,mingle,amalgamate,conclude
778,touch,spoil,keep,allude,crumble,equal,allude
779,emasculate,secure,weaken,dwell,reason,total,weaken
780,elevate,toil,offshore,spiral,hone,uplift,uplift
781,imprint,decipher,inscribe,trim,lunge,allude,inscribe
782,close,show,throw,shape,constrict,name,constrict
783,worsen,murder,deteriorate,attack,land,fortify,deteriorate
784,deceive,solve,breathe,infer,foist,labor,foist
785,cut,mistreat,elevate,immobilize,sparkle,inscribe,inscribe
786,trim,demoralize,rule,shorten,nose,identify,shorten
787,enclose,aggregate,confine,ask,void,mingle,confine
788,slay,uproot,amalgamate,kill,gather,roll,kill
789,end,jump,squash,kill,bind,protect,kill
790,deceive,prepare,foist,allude,blast,poke,foist
791,sign,lump,stop,invalidate,ink,assume,ink
792,stun,awaken,fuel,desire,switch,immobilize,immobilize
793,quarrel,flash,decay,hone,fight,get,fight
794,streamline,engrave,accomplish,centralize,rub,criticize,centralize
795,invalidate,reject,infect,curl,construe,rustle,reject
796,ruin,mistreat,settle,blend,contrast,contaminate,contaminate
797,divert,redirect,worsen,heap,group,combat,redirect
798,zone,equal,shape,warn,blend,separate,separate
799,grapple,trade,enclose,obtain,prove,fight,fight
800,blow,reveal,emasculate,undermine,limit,fan,fan
801,carve,come,color,inscribe,open,compress,inscribe
802,shorten,think,invalidate,trim,collect,carve,trim
803,build,intoxicate,structure,implicate,end,offshore,structure
804,wrap,split,grapple,travel,force,furl,furl
805,be,assume,mistreat,roll,consist,imprint,consist
806,study,glob,critique,correct,identify,amass,critique
807,comment,lump,critique,ascertain,study,pass,critique
808,admire,insert,fancy,evaluate,whet,polish,fancy
809,restrict,awaken,finish,zone,split,hone,zone
810,curl,sharpen,separate,fragment,split,furl,furl
811,give,rise,confer,overwhelm,arrange,sniff,confer
812,consist,hurt,mark,misuse,reveal,be,be
813,inform,disclose,enclose,decay,grapple,blow,disclose
814,rustle,adverse,whisper,forgive,wink,smooth,whisper
815,contend,adverse,fight,print,group,reason,fight
816,open,reverberate,stroke,replicate,aggregate,focus,aggregate
817,long,concentrate,crumble,fancy,translate,pine,pine
818,fuel,protect,power,term,dirty,hop,power
819,make,consist,reduce,forgive,overwhelm,prepare,prepare
820,lump,long,modify,involve,heap,enter,heap
821,support,furl,simplify,gather,abdicate,uplift,uplift
822,warn,deflect,alert,engrave,hone,shape,alert
823,show,inscribe,evidence,structure,assemble,demoralize,evidence
824,streamline,disparity,add,excuse,encourage,simplify,simplify
825,blink,think,reveal,reroute,wink,inhabit,wink
826,formulate,yearn,undermine,structure,alert,hurt,structure
827,rule,abolish,power,disprove,pontificate,slap,pontificate
828,deceive,switch,power,prove,flirt,foist,foist
829,zone,cordon,pare,beat,invade,lecture,cordon
830,wink,lunge,fortify,blink,ink,pontificate,blink
831,function,tighten,power,obtain,formulate,obliterate,power
832,abolish,differentiate,reset,makeup,create,invalidate,invalidate
833,invoice,wink,pine,chop,bill,try,bill
834,calculate,emasculate,smooth,discuss,cede,tabulate,tabulate
835,record,deceive,evade,tabulate,transfer,achieve,tabulate
836,slam,distinguish,toil,hit,name,forgo,hit
837,resonate,accumulate,poke,reverberate,support,admire,reverberate
838,void,buff,zone,invalidate,activate,collect,invalidate
839,fuel,pass,rewrite,clarify,power,investigate,power
840,hit,bump,throw,abuse,offshore,slam,slam
841,sniff,blink,whisper,see,nose,throw,nose
842,frown,contaminate,furl,slap,polish,lift,furl
843,park,define,encroach,end,desire,place,place
844,grapple,uproot,refocus,sound,fight,battle,fight
845,consolidate,invoice,forgive,insert,explain,amalgamate,amalgamate
846,believe,fancy,void,spoil,heap,excite,fancy
847,blink,excuse,protrude,evade,wink,clarify,wink
848,think,overwhelm,pontificate,imprison,combat,emasculate,pontificate
849,fan,clash,murder,wind,review,fragment,wind
850,spiral,crumble,compare,twist,hit,split,twist
851,refine,address,echo,polish,reroute,stir,polish
852,join,consist,offshore,wrap,correspond,amalgamate,amalgamate
853,visualize,picture,certificate,formulate,devolve,whisk,picture
854,prepare,bang,gesture,make,secure,offshore,make
855,evade,allude,resonate,identify,inspect,picture,allude
856,forgive,pardon,limit,determine,poison,reproduce,pardon
857,dedicate,inscribe,power,notify,obtain,slam,inscribe
858,suggest,glob,acquire,divide,implicate,smooth,implicate
859,pressure,disprove,collect,rub,arrive,calculate,rub
860,snoop,imprint,nose,spiral,determine,bill,nose
861,nose,rise,lecture,think,hop,poke,poke
862,hop,disparity,exonerate,spring,equal,bulge,spring
863,fragment,pass,excite,brawl,devolve,support,devolve
864,study,construe,reverberate,explode,join,critique,critique
865,compile,constrict,energize,total,aggregate,cuddle,aggregate
866,show,evidence,deduce,be,implicate,furl,evidence
867,battle,bulge,cascade,fight,inspect,pass,fight
868,raise,flirt,rise,arouse,uplift,uproot,uplift
869,achieve,obtain,engrave,bump,slay,finish,obtain
870,rush,wink,infect,print,furl,whisk,whisk
871,inspire,criticize,swat,uplift,color,deflect,uplift
872,judge,assume,infect,critique,heap,warn,critique
873,focus,see,stir,reach,come,zone,zone
874,reveal,disclose,reason,mark,prime,consist,disclose
875,bounce,bop,sniff,consolidate,enter,despoil,bop
876,echo,mix,terminate,resonate,resound,imply,resonate
877,sound,long,whisk,murmur,uproot,resonate,resonate
878,bill,terminate,account,correspond,certificate,pain,account
879,bulge,keep,arm,protrude,cut,void,protrude
880,ship,intrude,export,zone,combat,tattoo,export
881,get,achieve,emasculate,arouse,infect,pass,achieve
882,uproot,mingle,engrave,form,flap,foist,foist
883,stun,accuse,discern,see,consist,immobilize,immobilize
884,ask,despoil,arise,confer,murder,place,confer
885,attempt,spoil,transfer,reset,live,try,try
886,sign,reject,preach,ink,illustrate,contend,ink
887,lump,ball,court,concentrate,stir,translate,ball
888,review,discover,export,excite,critique,wrap,critique
889,formulate,structure,pare,preach,discern,determine,structure
890,think,depreciate,reveal,critique,ship,pontificate,pontificate
891,ruin,sum,slam,spiral,contaminate,bat,contaminate
892,disparity,switch,name,imply,contrast,modify,contrast
893,crumble,reach,deteriorate,name,flatter,inquire,deteriorate
894,illustrate,quarrel,report,involve,function,picture,picture
895,whack,spiral,swat,intrude,determine,whisk,swat
896,aggregate,amalgamate,crumble,evaluate,disconnect,abolish,amalgamate
897,stagnate,labor,demoralize,murmur,ask,immobilize,immobilize
898,categorize,bang,finish,lop,change,zone,zone
899,group,excuse,aggregate,evaluate,zone,toil,aggregate
900,pain,associate,forgo,rise,toil,focus,toil
901,restrict,proof,get,leap,zone,flatten,zone
902,trade,end,simplify,export,stagnate,sweep,export
903,frown,pollute,furl,reason,bump,fan,furl
904,court,shape,infect,transfer,woo,prove,woo
905,restrain,settle,constrict,reduce,reason,prepare,constrict
906,hop,spring,accumulate,carry,divert,stir,spring
907,reset,settle,paste,redirect,reason,identify,redirect
908,disclose,mix,share,cordon,cut,corrupt,share
909,dye,refine,damage,restrain,ink,reset,ink
910,inscribe,leap,smack,sweep,furl,write,write
911,makeup,be,consist,flat,engrave,account,consist
912,evaluate,tighten,settle,build,critique,whisper,critique
913,attempt,suggest,nose,try,dance,deduce,try
914,implicate,mark,assume,swat,resound,decay,assume
915,reroute,inform,trade,redirect,grow,investigate,redirect
916,visualize,picture,disprove,phrase,wave,flirt,picture
917,tally,hop,spread,ruin,tabulate,keep,tabulate
918,evaluate,critique,hit,imagine,battle,comprise,critique
919,imprint,critique,flirt,wind,inscribe,total,inscribe
920,breathe,lump,disparity,whisper,secure,slay,whisper
921,ascertain,spiral,massage,diagnose,unite,phrase,diagnose
922,streamline,shorten,spin,switch,curl,concentrate,concentrate
923,smooth,imprint,deteriorate,polish,study,inspect,polish
924,shape,store,hone,involve,reproduce,reroute,hone
925,stun,squash,aggregate,encourage,correct,immobilize,immobilize
926,stop,reroute,travel,damage,park,awaken,park
927,flirt,prove,carve,keep,accumulate,court,court
928,inscribe,cut,tattoo,blend,wrap,ask,cut
929,discover,ship,comment,dye,cuddle,deduce,deduce
930,breathe,echo,settle,amass,whisper,attack,whisper
931,dirty,focus,spoil,alarm,pardon,contaminate,contaminate
932,offshore,flatter,export,blend,slay,swat,export
933,decay,divert,reproduce,fancy,rise,deteriorate,deteriorate
934,hurt,decay,keep,abuse,contaminate,discern,abuse
935,weaken,fight,excite,compile,deduce,emasculate,emasculate
936,change,assume,brawl,edit,involve,renounce,edit
937,confine,spin,distinguish,record,enclose,expound,enclose
938,disprove,squash,hurt,stroke,hop,invalidate,invalidate
939,limit,involve,secure,unite,buff,zone,zone
940,inform,slap,taint,brawl,notify,disclose,disclose
941,glob,smack,sharpen,determine,sound,lop,lop
942,clash,sweep,see,fight,taint,alarm,fight
943,reject,bulge,gather,determine,invalidate,keep,invalidate
944,reason,frame,deduce,concentrate,resonate,yearn,deduce
945,activate,break,tabulate,suggest,deceive,arm,arm
946,polish,buff,long,carve,admire,journey,buff
947,power,stun,buff,deduce,overwhelm,cuddle,overwhelm
948,slam,bang,void,elevate,arise,force,bang
949,acquire,ruin,export,cut,hone,evade,hone
950,time,prove,decay,term,poke,succeed,term
951,dirty,corrupt,lop,furl,inspect,ship,corrupt
952,secure,proof,conquer,obstruct,try,arm,arm
953,rise,taint,uplift,fan,wind,mistreat,uplift
954,labor,alter,refocus,toil,rustle,centralize,toil
955,assess,journey,critique,switch,limit,reach,critique
956,solve,lecture,bulge,renounce,color,diagnose,diagnose
957,conclude,ball,grapple,sum,court,ship,sum
958,buff,disallow,reach,carve,rub,deflect,rub
959,decipher,interpret,intrude,rise,touch,confer,interpret
960,simplify,obtain,split,spoil,hop,streamline,streamline
961,reverberate,resonate,disallow,obtain,mix,murmur,resonate
962,address,reproduce,poke,pontificate,date,build,pontificate
963,gather,fan,aggregate,certificate,disparity,corrupt,aggregate
964,duplicate,fade,copy,amass,replicate,fortify,replicate
965,whisper,evidence,pardon,tell,murmur,involve,murmur
966,carve,inscribe,paste,reach,emasculate,discuss,inscribe
967,overtake,certificate,fan,form,spread,invade,invade
968,confer,decay,touch,ask,squeeze,throw,ask
969,write,declare,combine,switch,suggest,inscribe,inscribe
970,restrain,report,constrict,battle,try,involve,constrict
971,finish,mingle,sign,term,lift,modify,term
972,reside,solve,copy,invoice,inhabit,succeed,inhabit
973,misuse,desire,attempt,lop,mix,abuse,abuse
974,tell,blow,disconnect,unite,inspire,disclose,disclose
975,punch,end,fuel,bop,air,mix,bop
976,arrive,blend,consult,trade,disengage,arrive,arrive
977,wake,awaken,flatter,judge,activate,proof,awaken
978,succeed,pontificate,iron,encourage,achieve,absolve,achieve
979,abdicate,record,disengage,allude,sparkle,make,disengage
980,dedicate,work,punch,correct,swell,inscribe,inscribe
981,imagine,murder,ship,protect,sniff,fancy,fancy
982,tighten,obtain,constrict,travel,arrange,accuse,constrict
983,redirect,energize,correct,pare,switch,concentrate,switch
984,resound,resonate,forgive,amass,pressure,tell,resonate
985,want,punch,pine,absolve,tell,power,pine
986,refer,allude,exploit,calculate,whisper,cascade,allude
987,demoralize,accumulate,labor,travel,form,corrupt,corrupt
988,emasculate,print,paste,assess,smack,castrate,castrate
989,formulate,invoice,structure,construe,bounce,dedicate,structure
990,visualize,picture,whet,encourage,despoil,accuse,picture
991,activate,reach,intoxicate,explain,deflect,arm,arm
992,corrupt,stir,twinkle,makeup,demoralize,resonate,demoralize
993,visualize,breathe,arm,limit,picture,correct,picture
994,obstruct,reside,confine,investigate,refocus,constrict,constrict
995,consolidate,inform,attack,amalgamate,inscribe,poke,amalgamate
996,aggregate,paste,accumulate,rise,bulge,bop,accumulate
997,toil,intoxicate,sign,pain,enter,implicate,pain
998,arm,function,invalidate,make,reroute,activate,activate
999,arm,oppose,certificate,formulate,protect,get,protect
